Datetime,time,High,Low,Close,Adj Close,Volume
7/5/2022,09:30:00-04:00,256.5100098,254.7400055,255.1100006,255.1100006,1294628
7/5/2022,09:35:00-04:00,255.9600067,254.8699951,254.8999939,254.8999939,358480
7/5/2022,09:40:00-04:00,255.4799957,254.8099976,254.9700012,254.9700012,300371
7/5/2022,09:45:00-04:00,256.8754883,254.7799988,256.5899963,256.5899963,505525
7/5/2022,09:50:00-04:00,256.6400146,255.8699951,256.2999878,256.2999878,389552
7/5/2022,09:55:00-04:00,256.8099976,255.5299988,256.1900024,256.1900024,382976
7/5/2022,10:00:00-04:00,256.8699036,255.5599976,255.6699982,255.6699982,337151
7/5/2022,10:05:00-04:00,256.6300049,255.5682983,256.5799866,256.5799866,203803
7/5/2022,10:10:00-04:00,257.7709045,256.3601074,257.7099915,257.7099915,416150
7/5/2022,10:15:00-04:00,257.7799988,256.1799927,256.4700012,256.4700012,298892
7/5/2022,10:20:00-04:00,257.230011,256.3800049,257.0599976,257.0599976,266147
7/5/2022,10:25:00-04:00,257.3699951,256.3399963,256.8599854,256.8599854,201933
7/5/2022,10:30:00-04:00,257.0599976,256.4100037,256.75,256.75,192532
7/5/2022,10:35:00-04:00,258.4599915,256.5849915,258.3900146,258.3900146,310239
7/5/2022,10:40:00-04:00,258.7799988,257.6700134,257.6849976,257.6849976,237076
7/5/2022,10:45:00-04:00,257.7799988,257.2000122,257.5299988,257.5299988,163882
7/5/2022,10:50:00-04:00,257.4949951,256.769989,257.0700073,257.0700073,139946
7/5/2022,10:55:00-04:00,257.5499878,257.0599976,257.230011,257.230011,115095
7/5/2022,11:00:00-04:00,257.2099915,256.4707031,256.7999878,256.7999878,173646
7/5/2022,11:05:00-04:00,256.7999878,256.0660095,256.3500061,256.3500061,145820
7/5/2022,11:10:00-04:00,256.519989,255.9499969,256.2900085,256.2900085,107107
7/5/2022,11:15:00-04:00,256.6000061,256.1600037,256.4450073,256.4450073,115617
7/5/2022,11:20:00-04:00,256.7200012,256.0599976,256.2000122,256.2000122,118975
7/5/2022,11:25:00-04:00,256.5899963,256.0899963,256.3999939,256.3999939,118140
7/5/2022,11:30:00-04:00,257.0700073,256.1900024,256.6099854,256.6099854,145744
7/5/2022,11:35:00-04:00,256.730011,256.2099915,256.3800049,256.3800049,113402
7/5/2022,11:40:00-04:00,257.6199951,256.4100037,257.519989,257.519989,179073
7/5/2022,11:45:00-04:00,258.1000061,257.4400024,257.8387146,257.8387146,175974
7/5/2022,11:50:00-04:00,257.9100037,257.3599854,257.8800049,257.8800049,182524
7/5/2022,11:55:00-04:00,257.8999939,257.2799988,257.3900146,257.3900146,240991
7/5/2022,12:00:00-04:00,257.6499939,256.6400146,256.7099915,256.7099915,198041
7/5/2022,12:05:00-04:00,257.3299866,256.5599976,257.2999878,257.2999878,146734
7/5/2022,12:10:00-04:00,257.7200012,257.0599976,257.2600098,257.2600098,185554
7/5/2022,12:15:00-04:00,257.4899902,256.769989,257.4349976,257.4349976,234506
7/5/2022,12:20:00-04:00,258.2200012,257.1700134,258.2200012,258.2200012,183197
7/5/2022,12:25:00-04:00,258.4500122,258.0400085,258.25,258.25,154736
7/5/2022,12:30:00-04:00,258.5499878,258.1900024,258.3900146,258.3900146,163008
7/5/2022,12:35:00-04:00,258.4198914,258.1099854,258.1700134,258.1700134,100967
7/5/2022,12:40:00-04:00,258.3699951,257.8500061,258.0100098,258.0100098,196953
7/5/2022,12:45:00-04:00,258.0599976,257.6300049,257.6799927,257.6799927,124080
7/5/2022,12:50:00-04:00,257.7999878,257.4997864,257.6199951,257.6199951,112681
7/5/2022,12:55:00-04:00,257.75,257.4899902,257.5750122,257.5750122,62876
7/5/2022,13:00:00-04:00,258.1700134,257.4899902,258.1600037,258.1600037,116766
7/5/2022,13:05:00-04:00,258.3399963,257.8900146,258.3200073,258.3200073,109783
7/5/2022,13:10:00-04:00,258.7643127,258.269989,258.7099915,258.7099915,116764
7/5/2022,13:15:00-04:00,259.3467102,258.6000061,259.3200989,259.3200989,173343
7/5/2022,13:20:00-04:00,259.6650085,259.2399902,259.5100098,259.5100098,212466
7/5/2022,13:25:00-04:00,259.8599854,259.5,259.7099915,259.7099915,208940
7/5/2022,13:30:00-04:00,259.9899902,259.5499878,259.9173889,259.9173889,216641
7/5/2022,13:35:00-04:00,260.3099976,259.75,260.1600037,260.1600037,336879
7/5/2022,13:40:00-04:00,260.2900085,259.7099915,259.8183899,259.8183899,232805
7/5/2022,13:45:00-04:00,259.8800049,259.2600098,259.5,259.5,167619
7/5/2022,13:50:00-04:00,259.75,259.4700012,259.70401,259.70401,142813
7/5/2022,13:55:00-04:00,259.7799072,259.5299988,259.6549988,259.6549988,151670
7/5/2022,14:00:00-04:00,259.7898865,259.2900085,259.7550049,259.7550049,139433
7/5/2022,14:05:00-04:00,259.75,259.0700073,259.1726074,259.1726074,142436
7/5/2022,14:10:00-04:00,259.4899902,259.1099854,259.3399963,259.3399963,102913
7/5/2022,14:15:00-04:00,259.7099915,259.0400085,259.6700134,259.6700134,141395
7/5/2022,14:20:00-04:00,259.9400024,259.5,259.9100037,259.9100037,144857
7/5/2022,14:25:00-04:00,260.4500122,259.7889099,260.3200073,260.3200073,189348
7/5/2022,14:30:00-04:00,261.2600098,260.3099976,261.2098999,261.2098999,322682
7/5/2022,14:35:00-04:00,261.9700012,261.0499878,261.9349976,261.9349976,316898
7/5/2022,14:40:00-04:00,261.9700012,261.3999939,261.6799927,261.6799927,219572
7/5/2022,14:45:00-04:00,261.8900146,261.4700012,261.769989,261.769989,231927
7/5/2022,14:50:00-04:00,261.9500122,261.5700073,261.9299927,261.9299927,241904
7/5/2022,14:55:00-04:00,262.2600098,261.8599854,262.1199951,262.1199951,287473
7/5/2022,15:00:00-04:00,262.1700134,261.5299988,261.7399902,261.7399902,237123
7/5/2022,15:05:00-04:00,262.269989,261.6400146,262.0899963,262.0899963,251538
7/5/2022,15:10:00-04:00,262.1300049,261.8299866,261.9400024,261.9400024,165226
7/5/2022,15:15:00-04:00,261.9468994,260.9599915,261.1400146,261.1400146,195835
7/5/2022,15:20:00-04:00,262.1300049,261.1300049,262.0900879,262.0900879,251213
7/5/2022,15:25:00-04:00,262.730011,261.9299927,262.480011,262.480011,290928
7/5/2022,15:30:00-04:00,262.6799927,261.9700928,262.6700134,262.6700134,276479
7/5/2022,15:35:00-04:00,262.75,262.1000061,262.4599915,262.4599915,368240
7/5/2022,15:40:00-04:00,262.5299988,262.1600037,262.2600098,262.2600098,249323
7/5/2022,15:45:00-04:00,262.3900146,261.9100037,262.375,262.375,290427
7/5/2022,15:50:00-04:00,262.9599915,261.7900085,262.4400024,262.4400024,571247
7/5/2022,15:55:00-04:00,262.980011,262.1900024,262.9700012,262.9700012,997125
7/6/2022,09:30:00-04:00,264.4299927,263.0299988,263.7799988,263.7799988,924794
7/6/2022,09:35:00-04:00,264.1700134,262.3999939,263.1574097,263.1574097,420977
7/6/2022,09:40:00-04:00,264.3699951,263.125,264.3092041,264.3092041,363400
7/6/2022,09:45:00-04:00,264.4299927,262.4899902,263.3500061,263.3500061,462548
7/6/2022,09:50:00-04:00,264.3299866,263.2399902,264.2800903,264.2800903,290738
7/6/2022,09:55:00-04:00,265.3800049,264.1200867,265.2049866,265.2049866,553044
7/6/2022,10:00:00-04:00,265.2900085,264.0700073,264.3500061,264.3500061,429185
7/6/2022,10:05:00-04:00,266.1600037,264.2999878,266.1000061,266.1000061,416789
7/6/2022,10:10:00-04:00,266.1499939,263.9500122,264.5100098,264.5100098,335321
7/6/2022,10:15:00-04:00,264.6749878,263.6000061,264.2159119,264.2159119,289133
7/6/2022,10:20:00-04:00,264.9500122,263.7999878,264.6600037,264.6600037,189992
7/6/2022,10:25:00-04:00,264.8489075,264.1600037,264.5700073,264.5700073,158329
7/6/2022,10:30:00-04:00,265.2999878,264.3800964,264.3999939,264.3999939,296496
7/6/2022,10:35:00-04:00,264.6700134,263.980011,264.6199951,264.6199951,234089
7/6/2022,10:40:00-04:00,265.1900024,264.269989,265.088501,265.088501,227186
7/6/2022,10:45:00-04:00,265.1799927,264.4100037,264.4100037,264.4100037,176075
7/6/2022,10:50:00-04:00,264.9100037,264.2900085,264.5940857,264.5940857,179507
7/6/2022,10:55:00-04:00,265.0299988,264.2827148,264.9500122,264.9500122,128688
7/6/2022,11:00:00-04:00,265.0499878,263.3800049,264.1700134,264.1700134,301670
7/6/2022,11:05:00-04:00,264.4899902,263.9200134,264.1400146,264.1400146,165763
7/6/2022,11:10:00-04:00,264.4500122,263.6624146,264.2550049,264.2550049,154344
7/6/2022,11:15:00-04:00,264.5,264.2200012,264.5,264.5,177958
7/6/2022,11:20:00-04:00,264.8399963,264.25,264.5499878,264.5499878,235806
7/6/2022,11:25:00-04:00,264.5499878,263.5900879,263.6499939,263.6499939,159195
7/6/2022,11:30:00-04:00,263.6600037,262.8200073,263.2600098,263.2600098,296899
7/6/2022,11:35:00-04:00,263.5299988,263.1000061,263.5100098,263.5100098,161652
7/6/2022,11:40:00-04:00,263.519989,262.9306946,263.1600037,263.1600037,120245
7/6/2022,11:45:00-04:00,263.6300049,262.8999939,263.5899963,263.5899963,168216
7/6/2022,11:50:00-04:00,263.9299927,263.4400024,263.75,263.75,185632
7/6/2022,11:55:00-04:00,264.333313,263.6000061,264.1849976,264.1849976,238099
7/6/2022,12:00:00-04:00,264.269989,263.9206848,264,264,129980
7/6/2022,12:05:00-04:00,264.5887146,263.9750061,264.3562012,264.3562012,181924
7/6/2022,12:10:00-04:00,264.6700134,264.2000122,264.625,264.625,92929
7/6/2022,12:15:00-04:00,264.7449951,264.2399902,264.3391113,264.3391113,124319
7/6/2022,12:20:00-04:00,264.519989,264.0799866,264.1499939,264.1499939,84660
7/6/2022,12:25:00-04:00,264.4299927,264.144989,264.4100037,264.4100037,91404
7/6/2022,12:30:00-04:00,264.4700012,264.0899963,264.2600098,264.2600098,83569
7/6/2022,12:35:00-04:00,264.4899902,263.9899902,264.0799866,264.0799866,106688
7/6/2022,12:40:00-04:00,264.5,263.9500122,264.4168091,264.4168091,122534
7/6/2022,12:45:00-04:00,264.4500122,264.1149902,264.125,264.125,94778
7/6/2022,12:50:00-04:00,264.2703857,263.8800049,264.269989,264.269989,100622
7/6/2022,12:55:00-04:00,264.6300049,264.1400146,264.6000061,264.6000061,134199
7/6/2022,13:00:00-04:00,264.9760132,264.5499878,264.7950134,264.7950134,127590
7/6/2022,13:05:00-04:00,265.0299988,264.8251038,264.9515076,264.9515076,156619
7/6/2022,13:10:00-04:00,265.1300049,264.8900146,265.0799866,265.0799866,107118
7/6/2022,13:15:00-04:00,265.230011,264.7999878,265.0299988,265.0299988,102169
7/6/2022,13:20:00-04:00,265.25,264.9100037,265.0799866,265.0799866,114194
7/6/2022,13:25:00-04:00,265.1499939,264.8299866,265.0073853,265.0073853,94561
7/6/2022,13:30:00-04:00,265.1700134,264.8200073,264.9100037,264.9100037,99391
7/6/2022,13:35:00-04:00,265.25,264.9200134,264.9899902,264.9899902,107285
7/6/2022,13:40:00-04:00,265.269989,264.75,265.0600891,265.0600891,125396
7/6/2022,13:45:00-04:00,265.269989,265.0100098,265.0750122,265.0750122,85317
7/6/2022,13:50:00-04:00,265.1499939,264.9309998,265.0700073,265.0700073,274490
7/6/2022,13:55:00-04:00,265.3500061,264.9899902,265.0799866,265.0799866,101022
7/6/2022,14:00:00-04:00,265.5,264.3999939,264.980011,264.980011,321413
7/6/2022,14:05:00-04:00,266.3099976,264.9949951,265.4100037,265.4100037,375853
7/6/2022,14:10:00-04:00,265.4587097,264.1900024,265.1499939,265.1499939,307276
7/6/2022,14:15:00-04:00,265.125,264.2600098,264.3599854,264.3599854,181871
7/6/2022,14:20:00-04:00,264.9599915,264.2799988,264.8099976,264.8099976,159367
7/6/2022,14:25:00-04:00,266.3500061,264.3099976,266.1769104,266.1769104,333349
7/6/2022,14:30:00-04:00,266.8800049,265.8659973,266.4200134,266.4200134,422431
7/6/2022,14:35:00-04:00,266.7000122,265.7900085,266.3504944,266.3504944,209777
7/6/2022,14:40:00-04:00,267,266.3382874,266.9700012,266.9700012,295876
7/6/2022,14:45:00-04:00,267.2999878,266.480011,266.5621033,266.5621033,240630
7/6/2022,14:50:00-04:00,267.25,266.5,267.0499878,267.0499878,255926
7/6/2022,14:55:00-04:00,267.3200073,266.7900085,267.3099976,267.3099976,220025
7/6/2022,15:00:00-04:00,267.3599854,266.6700134,267,267,233011
7/6/2022,15:05:00-04:00,267.3200073,266.8349915,267.3200073,267.3200073,245826
7/6/2022,15:10:00-04:00,267.7000122,267.2200012,267.6000061,267.6000061,271110
7/6/2022,15:15:00-04:00,267.6700134,267.2099915,267.5650024,267.5650024,235119
7/6/2022,15:20:00-04:00,267.8900146,267.5100098,267.8391113,267.8391113,269615
7/6/2022,15:25:00-04:00,267.8299866,267.4299927,267.5501099,267.5501099,186487
7/6/2022,15:30:00-04:00,267.9299927,267.4299927,267.8800049,267.8800049,247750
7/6/2022,15:35:00-04:00,267.9899902,267.3500061,267.3900146,267.3900146,319500
7/6/2022,15:40:00-04:00,267.4200134,266.6799927,266.75,266.75,336778
7/6/2022,15:45:00-04:00,266.8699951,266.2399902,266.5499878,266.5499878,338721
7/6/2022,15:50:00-04:00,266.7999878,265.1900024,265.6000061,265.6000061,632463
7/6/2022,15:55:00-04:00,266.2999878,265.4700012,266.25,266.25,868972
7/7/2022,09:30:00-04:00,266.730011,265.019989,266.6400146,266.6400146,1014469
7/7/2022,09:35:00-04:00,266.8800049,266.1600037,266.644989,266.644989,336294
7/7/2022,09:40:00-04:00,266.9122009,266.0300903,266.5700073,266.5700073,290241
7/7/2022,09:45:00-04:00,266.9500122,266.2600098,266.7999878,266.7999878,375279
7/7/2022,09:50:00-04:00,267.8800049,266.5899963,267.8200073,267.8200073,465865
7/7/2022,09:55:00-04:00,268.1549988,267.5599976,267.7109985,267.7109985,352372
7/7/2022,10:00:00-04:00,267.7900085,266.8649902,267.4200134,267.4200134,327645
7/7/2022,10:05:00-04:00,268.3800049,267.2000122,268.3200073,268.3200073,336887
7/7/2022,10:10:00-04:00,268.3999939,267.5499878,268.0899963,268.0899963,307134
7/7/2022,10:15:00-04:00,269.0549927,267.8496094,268.7799988,268.7799988,444877
7/7/2022,10:20:00-04:00,269.019989,268.5299988,268.9200134,268.9200134,274306
7/7/2022,10:25:00-04:00,268.9599915,268.4710083,268.8099976,268.8099976,229092
7/7/2022,10:30:00-04:00,268.9241943,268.1900024,268.4899902,268.4899902,294434
7/7/2022,10:35:00-04:00,268.5176086,267.8850098,268.3200073,268.3200073,190137
7/7/2022,10:40:00-04:00,268.480011,268.1099854,268.2999878,268.2999878,130869
7/7/2022,10:45:00-04:00,268.6000061,268.0801086,268.1799927,268.1799927,176262
7/7/2022,10:50:00-04:00,268.6000061,268.0499878,268.3900146,268.3900146,157272
7/7/2022,10:55:00-04:00,268.4700012,268.019989,268.0711975,268.0711975,108597
7/7/2022,11:00:00-04:00,268.1799927,267.8200073,268.1000061,268.1000061,174939
7/7/2022,11:05:00-04:00,268.3999939,268.1000061,268.3200073,268.3200073,189413
7/7/2022,11:10:00-04:00,268.3619995,268.0100098,268.0400085,268.0400085,135205
7/7/2022,11:15:00-04:00,268.5599976,267.9599915,268.2999878,268.2999878,174364
7/7/2022,11:20:00-04:00,268.3299866,267.6000061,267.6300964,267.6300964,194309
7/7/2022,11:25:00-04:00,267.8599854,267.2999878,267.3599854,267.3599854,167305
7/7/2022,11:30:00-04:00,267.4704895,267.1400146,267.4100037,267.4100037,157361
7/7/2022,11:35:00-04:00,267.4303894,267.1000061,267.1099854,267.1099854,156233
7/7/2022,11:40:00-04:00,267.8497009,267.0499878,267.6400146,267.6400146,199927
7/7/2022,11:45:00-04:00,268.0620117,267.5899963,268.0620117,268.0620117,134805
7/7/2022,11:50:00-04:00,268.1499939,267.7973022,268.0299988,268.0299988,179789
7/7/2022,11:55:00-04:00,268.1749878,267.7900085,268.0299988,268.0299988,96410
7/7/2022,12:00:00-04:00,268.0799866,267.8200073,267.8500061,267.8500061,112134
7/7/2022,12:05:00-04:00,267.8699951,267.5499878,267.7099915,267.7099915,109277
7/7/2022,12:10:00-04:00,267.9649963,267.6499939,267.6998901,267.6998901,105479
7/7/2022,12:15:00-04:00,267.6900024,267.4200134,267.6499939,267.6499939,113248
7/7/2022,12:20:00-04:00,267.8399963,267.5499878,267.7149963,267.7149963,117921
7/7/2022,12:25:00-04:00,267.8399963,267.5799866,267.7149963,267.7149963,93825
7/7/2022,12:30:00-04:00,267.8699951,267.5499878,267.8200073,267.8200073,152780
7/7/2022,12:35:00-04:00,267.9715881,267.5700073,267.5799866,267.5799866,160588
7/7/2022,12:40:00-04:00,267.6899109,267.4500122,267.5,267.5,106736
7/7/2022,12:45:00-04:00,267.7550049,267.4500122,267.5,267.5,175270
7/7/2022,12:50:00-04:00,267.7999878,267.3699951,267.6650085,267.6650085,140962
7/7/2022,12:55:00-04:00,267.730011,267.4599915,267.6900024,267.6900024,162543
7/7/2022,13:00:00-04:00,268.0400085,267.6199951,267.8399963,267.8399963,178675
7/7/2022,13:05:00-04:00,267.9899902,267.75,267.9599915,267.9599915,96924
7/7/2022,13:10:00-04:00,267.9500122,267.4700012,267.5358887,267.5358887,89757
7/7/2022,13:15:00-04:00,267.6000061,267.2600098,267.4599915,267.4599915,88598
7/7/2022,13:20:00-04:00,267.6199951,267.394989,267.5400085,267.5400085,86012
7/7/2022,13:25:00-04:00,267.5899963,267.3599854,267.4150085,267.4150085,76678
7/7/2022,13:30:00-04:00,267.7999878,267.2999878,267.7799988,267.7799988,114700
7/7/2022,13:35:00-04:00,267.8233032,267.5100098,267.6199951,267.6199951,97453
7/7/2022,13:40:00-04:00,267.8299866,267.5799866,267.8200073,267.8200073,98129
7/7/2022,13:45:00-04:00,267.9700012,267.6907959,267.8200073,267.8200073,164105
7/7/2022,13:50:00-04:00,267.8599854,267.7399902,267.8299866,267.8299866,84578
7/7/2022,13:55:00-04:00,268.0700073,267.8099976,268.0499878,268.0499878,148959
7/7/2022,14:00:00-04:00,268.1400146,267.8099976,267.8529968,267.8529968,168001
7/7/2022,14:05:00-04:00,267.980011,267.769989,267.7723999,267.7723999,121955
7/7/2022,14:10:00-04:00,267.9099121,267.6400146,267.7799988,267.7799988,143116
7/7/2022,14:15:00-04:00,267.8429871,267.6700134,267.8099976,267.8099976,98533
7/7/2022,14:20:00-04:00,268.0799866,267.7900085,268.0700989,268.0700989,121742
7/7/2022,14:25:00-04:00,268.3399963,268.0432129,268.3200073,268.3200073,142276
7/7/2022,14:30:00-04:00,268.3604126,268.0201111,268.0303955,268.0303955,126778
7/7/2022,14:35:00-04:00,268.0499878,267.6400146,267.881012,267.881012,206296
7/7/2022,14:40:00-04:00,268.0299988,267.644989,267.7049866,267.7049866,134853
7/7/2022,14:45:00-04:00,267.9649963,267.6499939,267.9501038,267.9501038,126295
7/7/2022,14:50:00-04:00,267.9649963,267.75,267.7799988,267.7799988,130695
7/7/2022,14:55:00-04:00,267.8699951,267.7449951,267.8234863,267.8234863,94159
7/7/2022,15:00:00-04:00,268.0299988,267.730011,268.0100098,268.0100098,170412
7/7/2022,15:05:00-04:00,268.3399963,268.0100098,268.3399963,268.3399963,187381
7/7/2022,15:10:00-04:00,268.8699951,268.3099976,268.8529053,268.8529053,292525
7/7/2022,15:15:00-04:00,268.980011,268.7860107,268.8266907,268.8266907,217749
7/7/2022,15:20:00-04:00,268.9400024,268.3699951,268.4100037,268.4100037,241449
7/7/2022,15:25:00-04:00,268.5400085,268.2600098,268.3399963,268.3399963,200335
7/7/2022,15:30:00-04:00,268.5423889,268.3099976,268.4450073,268.4450073,191862
7/7/2022,15:35:00-04:00,268.730011,268.0400085,268.2099915,268.2099915,321261
7/7/2022,15:40:00-04:00,268.2850037,267.9299927,268.0100098,268.0100098,310997
7/7/2022,15:45:00-04:00,268.3399963,267.8399963,268.2900085,268.2900085,282741
7/7/2022,15:50:00-04:00,268.769989,268.2000122,268.7099915,268.7099915,645108
7/7/2022,15:55:00-04:00,268.7200012,268.1099854,268.4400024,268.4400024,1102398
7/8/2022,09:30:00-04:00,265.5950012,264.2200012,265.0499878,265.0499878,1193194
7/8/2022,09:35:00-04:00,266.2000122,264.8599854,265.8399963,265.8399963,366358
7/8/2022,09:40:00-04:00,266.269989,264.980011,265,265,422815
7/8/2022,09:45:00-04:00,265.1499939,264.5,264.6200867,264.6200867,372077
7/8/2022,09:50:00-04:00,264.8200073,263.6600037,263.8299866,263.8299866,377342
7/8/2022,09:55:00-04:00,264.1650085,263.7999878,263.9200134,263.9200134,630535
7/8/2022,10:00:00-04:00,264.4400024,263.2850037,264.3800049,264.3800049,432383
7/8/2022,10:05:00-04:00,264.4400024,263.9500122,264.1900024,264.1900024,284895
7/8/2022,10:10:00-04:00,264.75,264.0499878,264.5050049,264.5050049,309436
7/8/2022,10:15:00-04:00,264.5499878,263.9183044,263.9183044,263.9183044,219923
7/8/2022,10:20:00-04:00,264.6400146,263.8301086,264.5150146,264.5150146,244969
7/8/2022,10:25:00-04:00,265.4200134,264.4299927,265.282196,265.282196,424554
7/8/2022,10:30:00-04:00,265.5400085,265.1900024,265.3399963,265.3399963,280242
7/8/2022,10:35:00-04:00,265.818512,265.3349915,265.6900024,265.6900024,272415
7/8/2022,10:40:00-04:00,265.75,265.1900024,265.5100098,265.5100098,281027
7/8/2022,10:45:00-04:00,265.6000061,265.230011,265.2399902,265.2399902,230622
7/8/2022,10:50:00-04:00,265.289093,264.5899963,264.9700012,264.9700012,358250
7/8/2022,10:55:00-04:00,265.7999878,264.9400024,265.769989,265.769989,197568
7/8/2022,11:00:00-04:00,266.3900146,265.75,266.3800049,266.3800049,290414
7/8/2022,11:05:00-04:00,267.0549927,266.1199951,267.019989,267.019989,282319
7/8/2022,11:10:00-04:00,267.1499939,266.4200134,266.5599976,266.5599976,263705
7/8/2022,11:15:00-04:00,266.7749939,266.3999939,266.5100098,266.5100098,133038
7/8/2022,11:20:00-04:00,266.9200134,266.4899902,266.8599854,266.8599854,151905
7/8/2022,11:25:00-04:00,267.2999878,266.8200073,267.2426147,267.2426147,155315
7/8/2022,11:30:00-04:00,267.6700134,267.0899963,267.6599121,267.6599121,140137
7/8/2022,11:35:00-04:00,267.6744995,267.3200073,267.4400024,267.4400024,165191
7/8/2022,11:40:00-04:00,267.6400146,267.2538147,267.5823975,267.5823975,152607
7/8/2022,11:45:00-04:00,267.5899963,266.8299866,267.0599976,267.0599976,188665
7/8/2022,11:50:00-04:00,267.4700012,266.9899902,267.4400024,267.4400024,146203
7/8/2022,11:55:00-04:00,268.019989,267.3900146,267.980011,267.980011,223362
7/8/2022,12:00:00-04:00,268.019989,267.7200012,267.9200134,267.9200134,106190
7/8/2022,12:05:00-04:00,267.8999939,266.9299927,267.0499878,267.0499878,159095
7/8/2022,12:10:00-04:00,267.3521118,266.9899902,267.1099854,267.1099854,95247
7/8/2022,12:15:00-04:00,267.3299866,267.0400085,267.3023071,267.3023071,78252
7/8/2022,12:20:00-04:00,267.3956909,266.8299866,266.8901062,266.8901062,131790
7/8/2022,12:25:00-04:00,266.9985962,266.25,266.269989,266.269989,146704
7/8/2022,12:30:00-04:00,266.3898926,265.8399963,266.1400146,266.1400146,186425
7/8/2022,12:35:00-04:00,266.2999878,265.5100098,265.5100098,265.5100098,122186
7/8/2022,12:40:00-04:00,265.7000122,265.3800964,265.6499939,265.6499939,98162
7/8/2022,12:45:00-04:00,265.7799988,265.230011,265.7600098,265.7600098,127562
7/8/2022,12:50:00-04:00,265.7799988,265.2000122,265.4700012,265.4700012,81956
7/8/2022,12:55:00-04:00,265.7000122,265.3099976,265.3500061,265.3500061,87725
7/8/2022,13:00:00-04:00,265.5299988,265.0578918,265.25,265.25,156786
7/8/2022,13:05:00-04:00,265.8399963,265.2000122,265.7999878,265.7999878,128657
7/8/2022,13:10:00-04:00,265.9703064,265.730011,265.8800049,265.8800049,95417
7/8/2022,13:15:00-04:00,265.9699097,265.730011,265.9400024,265.9400024,125009
7/8/2022,13:20:00-04:00,266.019989,265.8299866,265.8800049,265.8800049,66438
7/8/2022,13:25:00-04:00,266.4399109,265.875,266.4200134,266.4200134,140012
7/8/2022,13:30:00-04:00,266.480011,266.1700134,266.355011,266.355011,103018
7/8/2022,13:35:00-04:00,266.5499878,266.2099915,266.5299988,266.5299988,96632
7/8/2022,13:40:00-04:00,266.730011,266.3599854,266.3599854,266.3599854,163766
7/8/2022,13:45:00-04:00,266.7999878,266.3099976,266.7900085,266.7900085,124083
7/8/2022,13:50:00-04:00,266.9700012,266.730011,266.855011,266.855011,101879
7/8/2022,13:55:00-04:00,266.8500061,266.5599976,266.6600037,266.6600037,102625
7/8/2022,14:00:00-04:00,266.6868896,266.269989,266.5650024,266.5650024,127749
7/8/2022,14:05:00-04:00,267.2099915,266.5830994,267.1000061,267.1000061,136332
7/8/2022,14:10:00-04:00,267.0950012,266.8800964,267.0299988,267.0299988,91169
7/8/2022,14:15:00-04:00,267.1600037,266.8620911,267.1300049,267.1300049,95111
7/8/2022,14:20:00-04:00,267.6400146,267.0227966,267.4899902,267.4899902,112714
7/8/2022,14:25:00-04:00,267.5100098,267.2399902,267.4100037,267.4100037,134157
7/8/2022,14:30:00-04:00,267.6900024,267.3707886,267.6799927,267.6799927,103879
7/8/2022,14:35:00-04:00,267.8900146,267.5299988,267.7399902,267.7399902,167812
7/8/2022,14:40:00-04:00,267.8399963,267.5,267.8049927,267.8049927,151886
7/8/2022,14:45:00-04:00,267.8399963,267.5,267.5219116,267.5219116,89248
7/8/2022,14:50:00-04:00,267.7000122,267.2999878,267.313385,267.313385,90459
7/8/2022,14:55:00-04:00,267.7799988,267.2399902,267.7600098,267.7600098,137780
7/8/2022,15:00:00-04:00,267.9400024,267.4549866,267.8099976,267.8099976,159192
7/8/2022,15:05:00-04:00,267.8800049,267.1700134,267.230011,267.230011,169772
7/8/2022,15:10:00-04:00,267.5,267.1499939,267.4200134,267.4200134,148789
7/8/2022,15:15:00-04:00,267.5899963,267.2099915,267.4700012,267.4700012,87395
7/8/2022,15:20:00-04:00,267.5671997,267.2900085,267.3200073,267.3200073,93532
7/8/2022,15:25:00-04:00,267.4299927,267.1300049,267.2900085,267.2900085,173428
7/8/2022,15:30:00-04:00,267.3999939,267.1300049,267.2799988,267.2799988,149152
7/8/2022,15:35:00-04:00,267.6300049,267.1700134,267.3599854,267.3599854,184415
7/8/2022,15:40:00-04:00,267.7200012,267.1499939,267.6000061,267.6000061,232803
7/8/2022,15:45:00-04:00,267.644989,267.1900024,267.3299866,267.3299866,204362
7/8/2022,15:50:00-04:00,267.9500122,267.0299988,267.8099976,267.8099976,398820
7/8/2022,15:55:00-04:00,268.1000061,267.4100037,267.6600037,267.6600037,991709
7/11/2022,09:30:00-04:00,265.8200073,264.75,264.8349915,264.8349915,728744
7/11/2022,09:35:00-04:00,264.8599854,262.6199951,262.625,262.625,429931
7/11/2022,09:40:00-04:00,262.7999878,262.1799927,262.5599976,262.5599976,338978
7/11/2022,09:45:00-04:00,263.2999878,262.3900146,263.0799866,263.0799866,339870
7/11/2022,09:50:00-04:00,263.3900146,262.3900146,262.7399902,262.7399902,177990
7/11/2022,09:55:00-04:00,262.9346924,262.3500061,262.5599976,262.5599976,252788
7/11/2022,10:00:00-04:00,262.8742065,262.25,262.375,262.375,266015
7/11/2022,10:05:00-04:00,263.4299011,262.2999878,262.9599915,262.9599915,240831
7/11/2022,10:10:00-04:00,263.480011,262.9200134,263.0499878,263.0499878,240380
7/11/2022,10:15:00-04:00,263.8699951,262.9899902,263.2250061,263.2250061,250900
7/11/2022,10:20:00-04:00,263.4299927,262.8699951,263.2598877,263.2598877,167323
7/11/2022,10:25:00-04:00,263.9599915,263.1700134,263.7799988,263.7799988,169144
7/11/2022,10:30:00-04:00,264.2999878,263.6799927,264.2827148,264.2827148,225184
7/11/2022,10:35:00-04:00,264.8250122,264.2000122,264.6900024,264.6900024,292510
7/11/2022,10:40:00-04:00,265.1300049,264.6600037,264.9100037,264.9100037,268226
7/11/2022,10:45:00-04:00,264.9899902,264.3299866,264.4100037,264.4100037,210203
7/11/2022,10:50:00-04:00,264.730011,264.1900024,264.2999878,264.2999878,152284
7/11/2022,10:55:00-04:00,264.3500061,263.9200134,264.0198059,264.0198059,184729
7/11/2022,11:00:00-04:00,264.2099915,263.8900146,264.1700134,264.1700134,120068
7/11/2022,11:05:00-04:00,264.8099976,264.1199951,264.7600098,264.7600098,138201
7/11/2022,11:10:00-04:00,264.9599915,264.5799866,264.730011,264.730011,182419
7/11/2022,11:15:00-04:00,265,264.6300049,264.7160034,264.7160034,151999
7/11/2022,11:20:00-04:00,265.0100098,264.3699951,264.4100037,264.4100037,184295
7/11/2022,11:25:00-04:00,264.8825989,264.3699951,264.7999878,264.7999878,125084
7/11/2022,11:30:00-04:00,264.980011,264.3399963,264.3500061,264.3500061,149958
7/11/2022,11:35:00-04:00,264.7607117,264.2000122,264.4161072,264.4161072,239390
7/11/2022,11:40:00-04:00,264.4747925,264.019989,264.3299866,264.3299866,194840
7/11/2022,11:45:00-04:00,264.519989,264,264.1499939,264.1499939,103471
7/11/2022,11:50:00-04:00,264.4599915,264.019989,264.4299927,264.4299927,135643
7/11/2022,11:55:00-04:00,264.7701111,264.3850098,264.717804,264.717804,151350
7/11/2022,12:00:00-04:00,264.8500061,264.3900146,264.5299988,264.5299988,138428
7/11/2022,12:05:00-04:00,264.769989,264.4899902,264.6900024,264.6900024,146177
7/11/2022,12:10:00-04:00,265,264.6400146,264.8500061,264.8500061,132767
7/11/2022,12:15:00-04:00,265.0100098,264.7799988,264.9500122,264.9500122,81408
7/11/2022,12:20:00-04:00,265.0138855,264.7513123,264.9599915,264.9599915,115491
7/11/2022,12:25:00-04:00,264.9700012,264.7200012,264.8900146,264.8900146,103661
7/11/2022,12:30:00-04:00,264.8800049,264.6574097,264.7799988,264.7799988,104557
7/11/2022,12:35:00-04:00,265.3900146,264.7799988,265.3299866,265.3299866,146600
7/11/2022,12:40:00-04:00,265.3598938,264.8299866,264.9200134,264.9200134,130389
7/11/2022,12:45:00-04:00,265.0392151,264.8299866,264.8399963,264.8399963,92570
7/11/2022,12:50:00-04:00,264.8500061,264.4599915,264.6502075,264.6502075,86801
7/11/2022,12:55:00-04:00,264.9500122,264.6499939,264.8500061,264.8500061,90606
7/11/2022,13:00:00-04:00,265.5299988,264.8001099,265.2210083,265.2210083,124709
7/11/2022,13:05:00-04:00,265.769989,265.1600037,265.6611023,265.6611023,125726
7/11/2022,13:10:00-04:00,266.0700073,265.6099854,265.769989,265.769989,153124
7/11/2022,13:15:00-04:00,265.7999878,265.6199951,265.6199951,265.6199951,74992
7/11/2022,13:20:00-04:00,265.980011,265.6000061,265.980011,265.980011,79407
7/11/2022,13:25:00-04:00,266.0700073,265.769989,265.9057007,265.9057007,98942
7/11/2022,13:30:00-04:00,266.3599854,265.8699951,266.1300049,266.1300049,186695
7/11/2022,13:35:00-04:00,266.3200073,266.0849915,266.2999878,266.2999878,99606
7/11/2022,13:40:00-04:00,266.5299988,266.25,266.2900085,266.2900085,157419
7/11/2022,13:45:00-04:00,266.3299866,266.0599976,266.0950012,266.0950012,107704
7/11/2022,13:50:00-04:00,266.4100037,266.0799866,266.2399902,266.2399902,105353
7/11/2022,13:55:00-04:00,266.2650146,266.0100098,266.0700073,266.0700073,88865
7/11/2022,14:00:00-04:00,266.1076965,265.7099915,265.8599854,265.8599854,115235
7/11/2022,14:05:00-04:00,266.0401917,265.7099915,265.730011,265.730011,114736
7/11/2022,14:10:00-04:00,265.7799988,265.4100037,265.4949951,265.4949951,156870
7/11/2022,14:15:00-04:00,265.5899963,265.269989,265.4500122,265.4500122,161420
7/11/2022,14:20:00-04:00,265.5400085,265.269989,265.4500122,265.4500122,68036
7/11/2022,14:25:00-04:00,265.4899902,265.230011,265.25,265.25,77307
7/11/2022,14:30:00-04:00,265.4299927,265.1000061,265.2200012,265.2200012,110234
7/11/2022,14:35:00-04:00,265.3500061,265.1099854,265.2600098,265.2600098,76563
7/11/2022,14:40:00-04:00,265.6300049,265.2099915,265.5627136,265.5627136,78793
7/11/2022,14:45:00-04:00,265.6599121,265.25,265.2799988,265.2799988,83001
7/11/2022,14:50:00-04:00,265.25,264.8299866,264.957489,264.957489,131589
7/11/2022,14:55:00-04:00,265.0921021,264.6900024,264.6900024,264.6900024,153683
7/11/2022,15:00:00-04:00,264.7900085,264.0799866,264.1600037,264.1600037,204210
7/11/2022,15:05:00-04:00,264.3299866,264.019989,264.1499939,264.1499939,174843
7/11/2022,15:10:00-04:00,264.3150024,264.019989,264.269989,264.269989,167456
7/11/2022,15:15:00-04:00,264.3850098,264.0899963,264.2950134,264.2950134,153346
7/11/2022,15:20:00-04:00,264.6000061,264.1900024,264.4601135,264.4601135,128091
7/11/2022,15:25:00-04:00,264.75,264.3400879,264.6099854,264.6099854,113486
7/11/2022,15:30:00-04:00,264.7900085,264.5400085,264.6549988,264.6549988,175345
7/11/2022,15:35:00-04:00,264.7399902,264.4200134,264.6700134,264.6700134,135339
7/11/2022,15:40:00-04:00,264.8500061,264.4899902,264.519989,264.519989,210620
7/11/2022,15:45:00-04:00,264.9400024,264.4100037,264.6400146,264.6400146,348091
7/11/2022,15:50:00-04:00,264.6600037,263.8900146,264.1000061,264.1000061,545357
7/11/2022,15:55:00-04:00,264.6499939,263.9899902,264.5599976,264.5599976,1033459
7/12/2022,09:30:00-04:00,265.9400024,264.3999939,264.769989,264.769989,906841
7/12/2022,09:35:00-04:00,264.8299866,262.5299988,264.1477051,264.1477051,925259
7/12/2022,09:40:00-04:00,264.5899963,263.0499878,263.1300049,263.1300049,388841
7/12/2022,09:45:00-04:00,263.3699951,260.9000854,260.9599915,260.9599915,687954
7/12/2022,09:50:00-04:00,261.2600098,260.3599854,260.5249939,260.5249939,600345
7/12/2022,09:55:00-04:00,260.519989,258.75,258.7600098,258.7600098,753284
7/12/2022,10:00:00-04:00,258.75,257.6499939,258.2349854,258.2349854,730195
7/12/2022,10:05:00-04:00,258.2999878,257.3699951,257.480011,257.480011,677386
7/12/2022,10:10:00-04:00,257.7000122,257.0499878,257.5,257.5,713033
7/12/2022,10:15:00-04:00,257.6000061,256.2600098,257.1600037,257.1600037,776335
7/12/2022,10:20:00-04:00,257.4200134,256.0299988,256.2535095,256.2535095,680550
7/12/2022,10:25:00-04:00,256.8399963,255.9299927,256.230011,256.230011,719840
7/12/2022,10:30:00-04:00,257.8099976,256.2200012,257.4899902,257.4899902,651138
7/12/2022,10:35:00-04:00,257.5350037,256.5299988,256.5400085,256.5400085,421089
7/12/2022,10:40:00-04:00,257.2600098,256.420105,257,257,334233
7/12/2022,10:45:00-04:00,257.25,256.7302856,256.9649963,256.9649963,318300
7/12/2022,10:50:00-04:00,257.4100037,256.6199951,257.4100037,257.4100037,302600
7/12/2022,10:55:00-04:00,257.75,257.1900024,257.2900085,257.2900085,310059
7/12/2022,11:00:00-04:00,257.4299927,256.8599854,257,257,339417
7/12/2022,11:05:00-04:00,257.5100098,256.7749939,257.4549866,257.4549866,333609
7/12/2022,11:10:00-04:00,258,257.3800049,257.6767883,257.6767883,481596
7/12/2022,11:15:00-04:00,257.7200012,257.1099854,257.1749878,257.1749878,295332
7/12/2022,11:20:00-04:00,257.7309875,257.0899963,257.5100098,257.5100098,238834
7/12/2022,11:25:00-04:00,257.9700012,257.3599854,257.8399963,257.8399963,216033
7/12/2022,11:30:00-04:00,258.0799866,257.6099854,257.9400024,257.9400024,281739
7/12/2022,11:35:00-04:00,258.0400085,257.3900146,257.5451965,257.5451965,215017
7/12/2022,11:40:00-04:00,257.5799866,256.8999939,256.8999939,256.8999939,269580
7/12/2022,11:45:00-04:00,257.1199951,256.625,256.9200134,256.9200134,236936
7/12/2022,11:50:00-04:00,257.0180054,256.5799866,256.6600037,256.6600037,188909
7/12/2022,11:55:00-04:00,257.0499878,256.603302,257.019989,257.019989,198289
7/12/2022,12:00:00-04:00,257.2000122,256.9200134,257.0799866,257.0799866,169736
7/12/2022,12:05:00-04:00,257.5299988,256.831604,256.8900146,256.8900146,244933
7/12/2022,12:10:00-04:00,257.4750061,256.8099976,257.3872986,257.3872986,215911
7/12/2022,12:15:00-04:00,257.6900024,257.1600037,257.4200134,257.4200134,278291
7/12/2022,12:20:00-04:00,257.5899963,257.1700134,257.2349854,257.2349854,200160
7/12/2022,12:25:00-04:00,257.269989,256.980011,257.1130981,257.1130981,183722
7/12/2022,12:30:00-04:00,257.5162048,256.9500122,257.480011,257.480011,223342
7/12/2022,12:35:00-04:00,257.8800049,257.3250122,257.8038025,257.8038025,184843
7/12/2022,12:40:00-04:00,257.980011,257.6300964,257.7099915,257.7099915,158082
7/12/2022,12:45:00-04:00,257.9299927,257.5400085,257.6401978,257.6401978,160987
7/12/2022,12:50:00-04:00,257.6394043,257.230011,257.4750061,257.4750061,163629
7/12/2022,12:55:00-04:00,257.7999878,257.480011,257.7098999,257.7098999,162969
7/12/2022,13:00:00-04:00,258.2799988,257.5499878,257.6499939,257.6499939,334107
7/12/2022,13:05:00-04:00,257.7000122,257.2099915,257.4599915,257.4599915,196794
7/12/2022,13:10:00-04:00,257.6700134,257.269989,257.6000061,257.6000061,119732
7/12/2022,13:15:00-04:00,257.6499939,257.2399902,257.3399963,257.3399963,151019
7/12/2022,13:20:00-04:00,257.4150085,257.0501099,257.1799927,257.1799927,189212
7/12/2022,13:25:00-04:00,257.2250061,257.0849915,257.1700134,257.1700134,126163
7/12/2022,13:30:00-04:00,257.25,257.019989,257.019989,257.019989,159383
7/12/2022,13:35:00-04:00,257.09729,256.7900085,256.816803,256.816803,261302
7/12/2022,13:40:00-04:00,256.8500061,256.5799866,256.6000061,256.6000061,169167
7/12/2022,13:45:00-04:00,256.7900085,256.4200134,256.6600037,256.6600037,168099
7/12/2022,13:50:00-04:00,256.7999878,256.5599976,256.7099915,256.7099915,130202
7/12/2022,13:55:00-04:00,256.8399963,256.519989,256.5899963,256.5899963,198183
7/12/2022,14:00:00-04:00,256.6300049,256.2572021,256.2684021,256.2684021,220507
7/12/2022,14:05:00-04:00,256.2999878,256.0100098,256.0400085,256.0400085,283830
7/12/2022,14:10:00-04:00,256.0750122,255.8000031,255.8699951,255.8699951,355894
7/12/2022,14:15:00-04:00,255.9400024,255.6499939,255.6750031,255.6750031,213966
7/12/2022,14:20:00-04:00,255.6799927,255.452301,255.4900055,255.4900055,283374
7/12/2022,14:25:00-04:00,255.6192932,255.1100006,255.1999969,255.1999969,365539
7/12/2022,14:30:00-04:00,255.2700043,254.7100067,254.7595978,254.7595978,456235
7/12/2022,14:35:00-04:00,255.0200043,254.7200012,254.9700012,254.9700012,298195
7/12/2022,14:40:00-04:00,255.1699982,254.8500061,255.125,255.125,275569
7/12/2022,14:45:00-04:00,255.3049927,254.9100037,255.2828064,255.2828064,235127
7/12/2022,14:50:00-04:00,255.4600067,255.25,255.4100037,255.4100037,240235
7/12/2022,14:55:00-04:00,255.4400024,254.7501068,254.7501068,254.7501068,462181
7/12/2022,15:00:00-04:00,254.7649994,253.6999969,253.8699951,253.8699951,572523
7/12/2022,15:05:00-04:00,254.0800018,253.5299988,253.5399933,253.5399933,630528
7/12/2022,15:10:00-04:00,254.1649933,253.3000031,254.1199951,254.1199951,441054
7/12/2022,15:15:00-04:00,254.1699982,253.6199951,254.0299988,254.0299988,527601
7/12/2022,15:20:00-04:00,254.0800018,253.3300018,253.4600067,253.4600067,451784
7/12/2022,15:25:00-04:00,253.875,253.3300018,253.4700012,253.4700012,340564
7/12/2022,15:30:00-04:00,253.6499939,252.9626007,253.125,253.125,616383
7/12/2022,15:35:00-04:00,253.1199951,252.0399933,252.3600006,252.3600006,790037
7/12/2022,15:40:00-04:00,252.7100067,252.0800018,252.6799927,252.6799927,676794
7/12/2022,15:45:00-04:00,253,252.6000061,252.6300049,252.6300049,886724
7/12/2022,15:50:00-04:00,254.0124969,252.5,253.7200012,253.7200012,1052031
7/12/2022,15:55:00-04:00,254.1699982,253.6100006,253.6699982,253.6699982,1699526
7/13/2022,09:30:00-04:00,251.2200012,249.0200043,250,250,2047271
7/13/2022,09:35:00-04:00,252.3350067,249.1999969,252.201004,252.201004,782966
7/13/2022,09:40:00-04:00,252.3600006,249.6909943,249.75,249.75,730023
7/13/2022,09:45:00-04:00,250.9799957,249.6206055,250.7400055,250.7400055,876956
7/13/2022,09:50:00-04:00,250.8200073,249.8150024,250,250,576781
7/13/2022,09:55:00-04:00,250.4799042,248.8500061,250.1300049,250.1300049,735608
7/13/2022,10:00:00-04:00,250.4850006,249.1450043,249.9799957,249.9799957,658198
7/13/2022,10:05:00-04:00,250.1699982,248.7799988,249.0299988,249.0299988,437381
7/13/2022,10:10:00-04:00,250,248.9900055,249.8600006,249.8600006,397424
7/13/2022,10:15:00-04:00,249.8800049,248.3200073,248.5160065,248.5160065,490863
7/13/2022,10:20:00-04:00,249.4700012,248.1100006,248.7599945,248.7599945,392288
7/13/2022,10:25:00-04:00,249.5200043,248.7100067,249.1853943,249.1853943,334650
7/13/2022,10:30:00-04:00,250.3300018,248.9100037,250.0700073,250.0700073,535921
7/13/2022,10:35:00-04:00,250.3099976,249.4499969,250,250,354463
7/13/2022,10:40:00-04:00,250.8399963,249.9299927,250.8249969,250.8249969,556430
7/13/2022,10:45:00-04:00,250.9199982,250.3999939,250.5099945,250.5099945,497198
7/13/2022,10:50:00-04:00,250.9075012,250.0099945,250.0200043,250.0200043,414064
7/13/2022,10:55:00-04:00,250.8300018,250.0700073,250.5,250.5,280586
7/13/2022,11:00:00-04:00,250.8600006,250.1199951,250.5200043,250.5200043,406429
7/13/2022,11:05:00-04:00,251.9199982,250.4855957,251.2899933,251.2899933,361297
7/13/2022,11:10:00-04:00,251.4850006,250.9723053,251.2299957,251.2299957,259700
7/13/2022,11:15:00-04:00,251.2899933,250.7799988,251.0800018,251.0800018,235427
7/13/2022,11:20:00-04:00,251.3600006,250.9499969,250.9700012,250.9700012,241843
7/13/2022,11:25:00-04:00,250.9700012,250.3200073,250.4299927,250.4299927,230587
7/13/2022,11:30:00-04:00,250.8999939,250.3300018,250.3999939,250.3999939,166001
7/13/2022,11:35:00-04:00,250.8000031,250.2700043,250.3899994,250.3899994,159695
7/13/2022,11:40:00-04:00,250.5749969,249.6999969,249.6999969,249.6999969,215171
7/13/2022,11:45:00-04:00,250.0800018,249.3300018,250.0200043,250.0200043,240829
7/13/2022,11:50:00-04:00,250.6799927,249.9499969,250.4900055,250.4900055,185337
7/13/2022,11:55:00-04:00,250.727005,250.3399963,250.5500031,250.5500031,171461
7/13/2022,12:00:00-04:00,251.3500061,250.5,251.3000031,251.3000031,179368
7/13/2022,12:05:00-04:00,251.5800018,251.1600037,251.3950043,251.3950043,193348
7/13/2022,12:10:00-04:00,251.3699951,250.7700043,250.8200073,250.8200073,170084
7/13/2022,12:15:00-04:00,250.9199982,250.5899963,250.8399963,250.8399963,108146
7/13/2022,12:20:00-04:00,251.3099976,250.8099976,251.3000031,251.3000031,147954
7/13/2022,12:25:00-04:00,251.6199951,251.1699982,251.4600067,251.4600067,169083
7/13/2022,12:30:00-04:00,251.8999939,251.3849945,251.6600037,251.6600037,165216
7/13/2022,12:35:00-04:00,252.0299988,251.4900055,252.0050049,252.0050049,117005
7/13/2022,12:40:00-04:00,252.0200043,251.75,252,252,150210
7/13/2022,12:45:00-04:00,252.1900024,251.7700043,252.0200043,252.0200043,195220
7/13/2022,12:50:00-04:00,252.4600067,251.7899933,252.3999939,252.3999939,215306
7/13/2022,12:55:00-04:00,252.8000031,252.25,252.7700043,252.7700043,173663
7/13/2022,13:00:00-04:00,253.5500031,252.5679932,253.1499939,253.1499939,349527
7/13/2022,13:05:00-04:00,253.4850006,252.7400055,252.8399963,252.8399963,232026
7/13/2022,13:10:00-04:00,253.2700043,252.6900024,253.2599945,253.2599945,185072
7/13/2022,13:15:00-04:00,253.2899933,252.1999969,252.3899994,252.3899994,258902
7/13/2022,13:20:00-04:00,252.611496,252.1999969,252.611496,252.611496,99819
7/13/2022,13:25:00-04:00,252.6100006,252.1699982,252.3600006,252.3600006,110866
7/13/2022,13:30:00-04:00,252.3600006,252.0099945,252.1602936,252.1602936,119976
7/13/2022,13:35:00-04:00,252.2599945,251.8807068,251.9550018,251.9550018,106289
7/13/2022,13:40:00-04:00,252.3699951,251.9400024,252.3000031,252.3000031,122679
7/13/2022,13:45:00-04:00,252.509903,252.1699982,252.4299927,252.4299927,86409
7/13/2022,13:50:00-04:00,252.5899963,252.2299957,252.2299957,252.2299957,93783
7/13/2022,13:55:00-04:00,252.5899963,252.1300049,252.4799042,252.4799042,292834
7/13/2022,14:00:00-04:00,252.4499969,250.5,250.6493988,250.6493988,346840
7/13/2022,14:05:00-04:00,251.2700043,250.6100006,250.6885071,250.6885071,163430
7/13/2022,14:10:00-04:00,251.2899933,250.6750031,251.1999969,251.1999969,129884
7/13/2022,14:15:00-04:00,251.324295,250.8000031,251.2449951,251.2449951,145245
7/13/2022,14:20:00-04:00,251.6699982,250.8999939,251.6138,251.6138,228439
7/13/2022,14:25:00-04:00,251.6799927,251.1999969,251.6300049,251.6300049,135279
7/13/2022,14:30:00-04:00,252.6199951,251.598999,252.3999939,252.3999939,551657
7/13/2022,14:35:00-04:00,252.6199951,252.0599976,252.4900055,252.4900055,209675
7/13/2022,14:40:00-04:00,252.7749939,252.3899994,252.4100952,252.4100952,179113
7/13/2022,14:45:00-04:00,252.7200012,252.3069458,252.5500031,252.5500031,133597
7/13/2022,14:50:00-04:00,252.8500061,252.3600006,252.4250031,252.4250031,155588
7/13/2022,14:55:00-04:00,253,252.0099945,252.9799957,252.9799957,230961
7/13/2022,15:00:00-04:00,253.0899963,252.5299988,252.9550018,252.9550018,183674
7/13/2022,15:05:00-04:00,252.9900055,252.1600037,252.4942017,252.4942017,232118
7/13/2022,15:10:00-04:00,253.25,252.4199982,253.1499939,253.1499939,213355
7/13/2022,15:15:00-04:00,253.3498993,252.875,253.3399963,253.3399963,227499
7/13/2022,15:20:00-04:00,253.3999939,252.7814941,252.9100037,252.9100037,233790
7/13/2022,15:25:00-04:00,252.9499969,252.4799957,252.5599976,252.5599976,189136
7/13/2022,15:30:00-04:00,252.7799988,252.0899963,252.1900024,252.1900024,324033
7/13/2022,15:35:00-04:00,252.8000031,252.0500031,252.7700043,252.7700043,258158
7/13/2022,15:40:00-04:00,252.7599945,251.9100037,252.1399994,252.1399994,265167
7/13/2022,15:45:00-04:00,252.1799927,251.7599945,251.9416046,251.9416046,247990
7/13/2022,15:50:00-04:00,253,251.6399994,252.6799927,252.6799927,760245
7/13/2022,15:55:00-04:00,253.25,252.4700012,252.6900024,252.6900024,1725157
7/14/2022,09:30:00-04:00,251.3999939,249.0399933,249.9499969,249.9499969,1055932
7/14/2022,09:35:00-04:00,249.9199982,248.2306976,248.6600037,248.6600037,443701
7/14/2022,09:40:00-04:00,249.2799988,248.1399994,248.7834015,248.7834015,335790
7/14/2022,09:45:00-04:00,249.9600067,248.7776947,249.2550049,249.2550049,318135
7/14/2022,09:50:00-04:00,249.8200073,248.3300018,248.4299927,248.4299927,313430
7/14/2022,09:55:00-04:00,248.7400055,247.8000031,247.8101044,247.8101044,360017
7/14/2022,10:00:00-04:00,248.197403,247.1549988,247.1699982,247.1699982,428180
7/14/2022,10:05:00-04:00,247.25,246.7100067,246.8350067,246.8350067,386261
7/14/2022,10:10:00-04:00,247.0200043,246.3800049,246.8049927,246.8049927,378515
7/14/2022,10:15:00-04:00,246.8800049,246.3999939,246.5299988,246.5299988,360720
7/14/2022,10:20:00-04:00,247.0700073,246.4799957,246.6900024,246.6900024,333147
7/14/2022,10:25:00-04:00,246.8000031,246.2299957,246.2700043,246.2700043,381279
7/14/2022,10:30:00-04:00,247.3553009,245.9400024,247.0449982,247.0449982,518794
7/14/2022,10:35:00-04:00,247.3975067,246.4700012,247.3500061,247.3500061,386646
7/14/2022,10:40:00-04:00,248.0700073,247.2799988,247.8345947,247.8345947,327818
7/14/2022,10:45:00-04:00,248.7299957,247.6999969,248.6100006,248.6100006,325947
7/14/2022,10:50:00-04:00,249.5500031,248.4199982,249.2599945,249.2599945,436001
7/14/2022,10:55:00-04:00,249.2799988,248.4299927,248.6000061,248.6000061,287548
7/14/2022,11:00:00-04:00,249.4600983,248.4100037,248.6999969,248.6999969,392096
7/14/2022,11:05:00-04:00,249.5,248.5899963,249.4250031,249.4250031,210002
7/14/2022,11:10:00-04:00,249.8800049,249.0200043,249.2100067,249.2100067,257226
7/14/2022,11:15:00-04:00,250.1399994,249,250.0700073,250.0700073,321521
7/14/2022,11:20:00-04:00,250.6799927,249.9400024,250.5,250.5,320611
7/14/2022,11:25:00-04:00,250.75,250.3300018,250.6199951,250.6199951,165946
7/14/2022,11:30:00-04:00,250.776001,250.1199951,250.1699982,250.1699982,241023
7/14/2022,11:35:00-04:00,250.6799927,250,250.3699951,250.3699951,285151
7/14/2022,11:40:00-04:00,252.0700073,250.3200073,251.5599976,251.5599976,465243
7/14/2022,11:45:00-04:00,251.6799927,251.2400055,251.2734985,251.2734985,258050
7/14/2022,11:50:00-04:00,251.5498962,251.0599976,251.2200012,251.2200012,209311
7/14/2022,11:55:00-04:00,251.6100006,251.1499939,251.4900055,251.4900055,163539
7/14/2022,12:00:00-04:00,251.7899933,251.2019958,251.6049957,251.6049957,193758
7/14/2022,12:05:00-04:00,251.6499939,251.0700989,251.3468933,251.3468933,133472
7/14/2022,12:10:00-04:00,251.7400055,251.3200073,251.592804,251.592804,165353
7/14/2022,12:15:00-04:00,251.9100037,251.1999969,251.5399933,251.5399933,222105
7/14/2022,12:20:00-04:00,251.8600006,251.1499939,251.1999969,251.1999969,184124
7/14/2022,12:25:00-04:00,251.241394,250.4801025,250.5399933,250.5399933,182917
7/14/2022,12:30:00-04:00,250.9700012,250.5299988,250.8000031,250.8000031,158175
7/14/2022,12:35:00-04:00,251.0386047,250.6900024,250.8699951,250.8699951,132713
7/14/2022,12:40:00-04:00,250.9100037,250.4900055,250.6799927,250.6799927,151512
7/14/2022,12:45:00-04:00,250.8399963,249.9199982,250.0299988,250.0299988,212659
7/14/2022,12:50:00-04:00,250.3883972,249.8699951,250.3200073,250.3200073,157928
7/14/2022,12:55:00-04:00,250.5200043,250.1799927,250.4600067,250.4600067,104874
7/14/2022,13:00:00-04:00,250.5700073,250.1950073,250.3899994,250.3899994,119635
7/14/2022,13:05:00-04:00,250.8699951,250.2100067,250.8401031,250.8401031,136048
7/14/2022,13:10:00-04:00,250.8600006,250.4105988,250.8399963,250.8399963,173706
7/14/2022,13:15:00-04:00,251.5399933,250.6699982,251.3898926,251.3898926,194217
7/14/2022,13:20:00-04:00,251.6799927,251.3800049,251.5800018,251.5800018,139354
7/14/2022,13:25:00-04:00,252.3699951,251.4900055,252.2700043,252.2700043,266222
7/14/2022,13:30:00-04:00,252.3500061,251.8899994,251.9900055,251.9900055,179906
7/14/2022,13:35:00-04:00,252.5800018,251.9517059,252.4600067,252.4600067,185747
7/14/2022,13:40:00-04:00,253.1199951,252.5200043,252.8000946,252.8000946,288266
7/14/2022,13:45:00-04:00,252.8600006,252.4700012,252.7319946,252.7319946,189062
7/14/2022,13:50:00-04:00,253.0399933,252.3800049,252.5599976,252.5599976,236986
7/14/2022,13:55:00-04:00,252.9299927,252.5899963,252.8399963,252.8399963,123961
7/14/2022,14:00:00-04:00,253.0821075,252.7100067,253.0001068,253.0001068,166492
7/14/2022,14:05:00-04:00,253.2700043,252.8200073,253.0200043,253.0200043,197368
7/14/2022,14:10:00-04:00,253.25,252.8800049,253.1300049,253.1300049,125568
7/14/2022,14:15:00-04:00,254.1999969,252.9400024,253.9799957,253.9799957,359500
7/14/2022,14:20:00-04:00,254.4900055,253.9799957,254.2799988,254.2799988,284875
7/14/2022,14:25:00-04:00,254.4700012,254.0099945,254.3200989,254.3200989,230276
7/14/2022,14:30:00-04:00,254.4900055,254.1699982,254.4351959,254.4351959,197804
7/14/2022,14:35:00-04:00,255.0227051,254.3999939,254.8800049,254.8800049,253963
7/14/2022,14:40:00-04:00,255.0500031,254.0800018,254.1398926,254.1398926,315887
7/14/2022,14:45:00-04:00,254.2700043,254.0399933,254.206604,254.206604,186505
7/14/2022,14:50:00-04:00,254.2100067,253.9100037,254.0650024,254.0650024,153190
7/14/2022,14:55:00-04:00,254.6600037,254.0800018,254.4100037,254.4100037,220755
7/14/2022,15:00:00-04:00,254.6900024,254.0599976,254.0800018,254.0800018,223774
7/14/2022,15:05:00-04:00,254.1399994,253.6100006,253.7646027,253.7646027,291214
7/14/2022,15:10:00-04:00,254.2599945,253.6999969,254.1799927,254.1799927,199158
7/14/2022,15:15:00-04:00,254.2899933,253.8300018,254.1900024,254.1900024,218011
7/14/2022,15:20:00-04:00,254.8800049,254.1300049,254.6999969,254.6999969,203999
7/14/2022,15:25:00-04:00,254.9750061,254.5299988,254.9750061,254.9750061,216278
